Dates,Gold Price,CPI Index,Real Price of Gold,Gold ETF Market Cap,10 Year Gold Return,10 Year Inflation Rate,10 Year Real Price of Gold Return,10 Year Ago Real Price of Gold
1/31/1975,175.5,52.3,3.355640535,,,,,
2/28/1975,183,52.6,3.479087452,,,,,
3/31/1975,177.1,52.8,3.354166667,,,,,
4/30/1975,166.8,53,3.147169811,,,,,
5/30/1975,166.5,53.1,3.13559322,,,,,
6/30/1975,167.8,53.5,3.136448598,,,,,
7/31/1975,167.6,54,3.103703704,,,,,
8/29/1975,160.2,54.2,2.955719557,,,,,
9/30/1975,140.5,54.6,2.573260073,,,,,
10/31/1975,142.8,54.9,2.601092896,,,,,
11/28/1975,137.3,55.3,2.482820976,,,,,
12/31/1975,141,55.6,2.535971223,,,,,
1/30/1976,128.2,55.8,2.297491039,,,,,
2/27/1976,132.6,55.9,2.372093023,,,,,
3/31/1976,129.1,56,2.305357143,,,,,
4/30/1976,128.9,56.1,2.297682709,,,,,
5/31/1976,126,56.4,2.234042553,,,,,
6/30/1976,123.9,56.7,2.185185185,,,,,
7/30/1976,112.1,57,1.966666667,,,,,
8/31/1976,102.8,57.3,1.794066318,,,,,
9/30/1976,115.7,57.6,2.008680556,,,,,
10/29/1976,123.8,57.9,2.138169257,,,,,
11/30/1976,131.5,58.1,2.263339071,,,,,
12/31/1976,135.7,58.4,2.323630137,,,,,
1/31/1977,133,58.7,2.265758092,,,,,
2/28/1977,144.6,59.3,2.438448567,,,,,
3/31/1977,149.5,59.6,2.508389262,,,,,
4/29/1977,148,60,2.466666667,,,,,
5/31/1977,143.5,60.2,2.38372093,,,,,
6/30/1977,143.6,60.5,2.373553719,,,,,
7/29/1977,145.1,60.8,2.386513158,,,,,
8/31/1977,146.7,61.1,2.400981997,,,,,
9/30/1977,154.6,61.3,2.522022838,,,,,
10/31/1977,162.7,61.6,2.641233766,,,,,
11/30/1977,160.2,62,2.583870968,,,,,
12/30/1977,167.7,62.3,2.691813804,,,,,
1/31/1978,176.6,62.7,2.816586922,,,,,
2/28/1978,184.4,63,2.926984127,,,,,
3/31/1978,184.1,63.4,2.903785489,,,,,
4/28/1978,170.6,63.9,2.669796557,,,,,
5/31/1978,184.3,64.5,2.857364341,,,,,
6/30/1978,183.7,65,2.826153846,,,,,
7/31/1978,203.6,65.5,3.108396947,,,,,
8/31/1978,207.6,65.9,3.150227618,,,,,
9/29/1978,217.9,66.5,3.276691729,,,,,
10/31/1978,246.7,67.1,3.676602086,,,,,
11/30/1978,193.2,67.5,2.862222222,,,,,
12/29/1978,229,67.9,3.372606775,,,,,
1/31/1979,232.5,68.5,3.394160584,,,,,
2/28/1979,252.9,69.2,3.654624277,,,,,
3/30/1979,239.5,69.9,3.426323319,,,,,
4/30/1979,249.2,70.6,3.529745042,,,,,
5/31/1979,276.8,71.4,3.8767507,,,,,
6/29/1979,283.8,72.2,3.930747922,,,,,
7/31/1979,286.9,73,3.930136986,,,,,
8/31/1979,320.2,73.7,4.344640434,,,,,
9/28/1979,395,74.4,5.309139785,,,,,
10/31/1979,385.7,75.2,5.128989362,,,,,
11/30/1979,419.1,76,5.514473684,,,,,
12/31/1979,541,76.9,7.035110533,,,,,
1/31/1980,681.5,78,8.737179487,,,,,
2/29/1980,640,79,8.101265823,,,,,
3/31/1980,501.5,80.1,6.260923845,,,,,
4/30/1980,507,80.9,6.266996292,,,,,
5/30/1980,545.2,81.7,6.673194614,,,,,
6/30/1980,654,82.5,7.927272727,,,,,
7/31/1980,619.7,82.6,7.502421308,,,,,
8/29/1980,641.8,83.2,7.713942308,,,,,
9/30/1980,671.5,83.9,8.003575685,,,,,
10/31/1980,642,84.7,7.579693034,,,,,
11/28/1980,624.6,85.6,7.296728972,,,,,
12/31/1980,599.5,86.4,6.938657407,,,,,
1/30/1981,501.7,87.2,5.753440367,,,,,
2/27/1981,486.5,88,5.528409091,,,,,
3/31/1981,513.8,88.6,5.799097065,,,,,
4/30/1981,489,89.1,5.488215488,,,,,
5/29/1981,479.4,89.7,5.344481605,,,,,
6/30/1981,427,90.5,4.718232044,,,,,
7/31/1981,402,91.5,4.393442623,,,,,
8/31/1981,431.1,92.2,4.675704989,,,,,
9/30/1981,432.7,93.1,4.647690655,,,,,
10/30/1981,431.2,93.4,4.616702355,,,,,
11/30/1981,408.3,93.8,4.352878465,,,,,
12/31/1981,402.8,94.1,4.280552604,,,,,
1/29/1982,384.6,94.4,4.074152542,,,,,
2/26/1982,364.5,94.7,3.848996832,,,,,
3/31/1982,327.5,94.7,3.458289335,,,,,
4/30/1982,346.5,95,3.647368421,,,,,
5/31/1982,322.2,95.9,3.359749739,,,,,
6/30/1982,317.8,97,3.27628866,,,,,
7/30/1982,342.7,97.5,3.514871795,,,,,
8/31/1982,411.8,97.7,4.214943705,,,,,
9/30/1982,398.5,97.7,4.078812692,,,,,
10/29/1982,423,98.1,4.311926606,,,,,
11/30/1982,442.6,98,4.516326531,,,,,
12/31/1982,453,97.7,4.636642784,,,,,
1/31/1983,510.1,97.9,5.210418795,,,,,
2/28/1983,423.7,98,4.323469388,,,,,
3/31/1983,415.9,98.1,4.239551478,,,,,
4/29/1983,433.5,98.8,4.387651822,,,,,
5/31/1983,412,99.2,4.153225806,,,,,
6/30/1983,418.5,99.4,4.210261569,,,,,
7/29/1983,412.8,99.8,4.136272545,,,,,
8/31/1983,417.7,100.1,4.172827173,,,,,
9/30/1983,401.9,100.4,4.002988048,,,,,
10/31/1983,378.8,100.8,3.757936508,,,,,
11/30/1983,403,101.1,3.986152324,,,,,
12/30/1983,388,101.4,3.82642998,,,,,
1/31/1984,373.8,102.1,3.661116552,,,,,
2/29/1984,398.9,102.6,3.88791423,,,,,
3/30/1984,387.5,102.9,3.765792031,,,,,
4/30/1984,379.6,103.3,3.674733785,,,,,
5/31/1984,386.8,103.5,3.737198068,,,,,
6/29/1984,376.1,103.7,3.6268081,,,,,
7/31/1984,337.7,104.1,3.243996158,,,,,
8/31/1984,351.2,104.4,3.363984674,,,,,
9/28/1984,344.9,104.7,3.29417383,,,,,
10/31/1984,336,105.1,3.196955281,,,,,
11/30/1984,329.1,105.3,3.125356125,,,,,
12/31/1984,309.7,105.5,2.935545024,,,,,
1/31/1985,304.1,105.7,2.877010407,,5.65%,7.29%,-1.53%,3.355640535
2/28/1985,288.7,106.3,2.715898401,,4.66%,7.29%,-2.45%,3.479087452
3/29/1985,329.6,106.8,3.086142322,,6.41%,7.30%,-0.83%,3.354166667
4/30/1985,316.5,107,2.957943925,,6.61%,7.28%,-0.62%,3.147169811
5/31/1985,316.2,107.2,2.949626866,,6.62%,7.28%,-0.61%,3.13559322
6/28/1985,317.7,107.5,2.955348837,,6.59%,7.23%,-0.59%,3.136448598
7/31/1985,327.1,107.7,3.037140204,,6.92%,7.15%,-0.22%,3.103703704
8/30/1985,335.4,107.9,3.108433735,,7.67%,7.13%,0.51%,2.955719557
9/30/1985,322.8,108.1,2.986123959,,8.67%,7.07%,1.50%,2.573260073
10/31/1985,326.7,108.5,3.011059908,,8.63%,7.05%,1.47%,2.601092896
11/29/1985,322.9,109,2.962385321,,8.93%,7.02%,1.78%,2.482820976
12/31/1985,331.1,109.5,3.023744292,,8.91%,7.01%,1.77%,2.535971223
1/31/1986,348.8,109.9,3.173794359,,10.53%,7.01%,3.28%,2.297491039
2/28/1986,341,109.7,3.108477666,,9.91%,6.97%,2.74%,2.372093023
3/31/1986,331.1,109.1,3.034830431,,9.88%,6.90%,2.79%,2.305357143
4/30/1986,348.1,108.7,3.202391904,,10.44%,6.84%,3.38%,2.297682709
5/30/1986,344.1,109,3.156880734,,10.57%,6.81%,3.52%,2.234042553
6/30/1986,347.7,109.4,3.178244973,,10.87%,6.79%,3.82%,2.185185185
7/31/1986,362.7,109.5,3.312328767,,12.46%,6.75%,5.35%,1.966666667
8/29/1986,389.5,109.6,3.553832117,,14.25%,6.70%,7.07%,1.794066318
9/30/1986,425.7,110,3.87,,13.91%,6.68%,6.78%,2.008680556
10/31/1986,405.5,110.2,3.679673321,,12.60%,6.65%,5.58%,2.138169257
11/28/1986,390.9,110.4,3.54076087,,11.51%,6.63%,4.58%,2.263339071
12/31/1986,407,110.8,3.673285199,,11.61%,6.61%,4.69%,2.323630137
1/30/1987,405.1,111.4,3.636445242,,11.78%,6.62%,4.84%,2.265758092
2/27/1987,407.4,111.8,3.644007156,,10.91%,6.55%,4.10%,2.438448567
3/31/1987,418,112.2,3.725490196,,10.83%,6.53%,4.03%,2.508389262
4/30/1987,456.5,112.7,4.050576752,,11.92%,6.51%,5.08%,2.466666667
5/29/1987,450.2,113,3.984070796,,12.11%,6.50%,5.27%,2.38372093
6/30/1987,452.2,113.5,3.984140969,,12.15%,6.49%,5.32%,2.373553719
7/31/1987,464.1,113.8,4.078207381,,12.33%,6.47%,5.50%,2.386513158
8/31/1987,453.2,114.3,3.965004374,,11.94%,6.46%,5.14%,2.400981997
9/30/1987,452.7,114.7,3.946817786,,11.34%,6.47%,4.58%,2.522022838
10/30/1987,471.2,115,4.097391304,,11.22%,6.44%,4.49%,2.641233766
11/30/1987,491,115.4,4.254766031,,11.85%,6.41%,5.11%,2.583870968
12/31/1987,488.9,115.6,4.229238754,,11.29%,6.38%,4.62%,2.691813804
1/29/1988,454.2,116,3.915517241,,9.91%,6.35%,3.35%,2.816586922
2/29/1988,431.9,116.2,3.71686747,,8.88%,6.31%,2.42%,2.926984127
3/31/1988,454.4,116.5,3.900429185,,9.46%,6.27%,2.99%,2.903785489
4/29/1988,452.6,117.2,3.861774744,,10.25%,6.25%,3.76%,2.669796557
5/31/1988,455,117.5,3.872340426,,9.46%,6.18%,3.09%,2.857364341
6/30/1988,437.7,118,3.709322034,,9.07%,6.14%,2.76%,2.826153846
7/29/1988,436.1,118.5,3.680168776,,7.91%,6.11%,1.70%,3.108396947
8/31/1988,434.1,119,3.64789916,,7.66%,6.09%,1.48%,3.150227618
9/30/1988,394.4,119.5,3.30041841,,6.11%,6.04%,0.07%,3.276691729
10/31/1988,415.1,119.9,3.46205171,,5.34%,5.98%,-0.60%,3.676602086
11/30/1988,424.8,120.3,3.53117207,,8.20%,5.95%,2.12%,2.862222222
12/30/1988,412.3,120.7,3.415907208,,6.06%,5.92%,0.13%,3.372606775
1/31/1989,391.6,121.2,3.231023102,,5.35%,5.87%,-0.49%,3.394160584
2/28/1989,390.4,121.6,3.210526316,,4.44%,5.80%,-1.29%,3.654624277
3/31/1989,385.1,122.2,3.151391162,,4.86%,5.74%,-0.83%,3.426323319
4/28/1989,380.5,123.1,3.090982941,,4.32%,5.72%,-1.32%,3.529745042
5/31/1989,363.3,123.7,2.93694422,,2.76%,5.65%,-2.74%,3.8767507
6/30/1989,377.3,124.1,3.040290089,,2.89%,5.57%,-2.54%,3.930747922
7/31/1989,374.7,124.5,3.009638554,,2.71%,5.48%,-2.63%,3.930136986
8/31/1989,361.7,124.5,2.905220884,,1.23%,5.38%,-3.94%,4.344640434
9/29/1989,367.2,124.8,2.942307692,,-0.73%,5.31%,-5.73%,5.309139785
10/31/1989,377.6,125.4,3.011164274,,-0.21%,5.25%,-5.19%,5.128989362
11/30/1989,411.6,125.9,3.269261319,,-0.18%,5.18%,-5.09%,5.514473684
12/29/1989,405.2,126.3,3.208234363,,-2.85%,5.09%,-7.55%,7.035110533
1/31/1990,417.8,127.5,3.276862745,,-4.78%,5.04%,-9.34%,8.737179487
2/28/1990,408.9,128,3.19453125,,-4.38%,4.94%,-8.89%,8.101265823
3/30/1990,375,128.6,2.916018663,,-2.86%,4.85%,-7.36%,6.260923845
4/30/1990,371.4,128.9,2.881303336,,-3.06%,4.77%,-7.48%,6.266996292
5/31/1990,368.6,129.1,2.855151046,,-3.84%,4.68%,-8.14%,6.673194614
6/29/1990,359.9,129.9,2.770592764,,-5.80%,4.64%,-9.98%,7.927272727
7/31/1990,370,130.5,2.835249042,,-5.03%,4.68%,-9.27%,7.502421308
8/31/1990,384.6,131.6,2.922492401,,-4.99%,4.69%,-9.25%,7.713942308
9/28/1990,402.5,132.5,3.037735849,,-4.99%,4.68%,-9.23%,8.003575685
10/31/1990,381.3,133.4,2.85832084,,-5.08%,4.65%,-9.29%,7.579693034
11/30/1990,385.7,133.7,2.884816754,,-4.71%,4.56%,-8.86%,7.296728972
12/31/1990,396.2,134.2,2.952309985,,-4.06%,4.50%,-8.19%,6.938657407
1/31/1991,368.5,134.7,2.735708983,,-3.04%,4.44%,-7.16%,5.753440367
2/28/1991,369,134.8,2.737388724,,-2.73%,4.36%,-6.79%,5.528409091
3/29/1991,357.1,134.8,2.649109792,,-3.57%,4.29%,-7.54%,5.799097065
4/30/1991,357.7,135.1,2.647668394,,-3.08%,4.25%,-7.03%,5.488215488
5/31/1991,364.8,135.6,2.690265487,,-2.69%,4.22%,-6.63%,5.344481605
6/28/1991,370,136,2.720588235,,-1.42%,4.16%,-5.36%,4.718232044
7/31/1991,363.6,136.2,2.669603524,,-1.00%,4.06%,-4.86%,4.393442623
8/30/1991,349.6,136.6,2.559297218,,-2.07%,4.01%,-5.85%,4.675704989
9/30/1991,357.3,137,2.608029197,,-1.90%,3.94%,-5.61%,4.647690655
10/31/1991,359.5,137.2,2.620262391,,-1.80%,3.92%,-5.51%,4.616702355
11/29/1991,367.9,137.8,2.669811321,,-1.04%,3.92%,-4.77%,4.352878465
12/31/1991,355.2,138.2,2.570188133,,-1.25%,3.92%,-4.97%,4.280552604
1/31/1992,357,138.3,2.581344902,,-0.74%,3.89%,-4.46%,4.074152542
2/28/1992,354.1,138.6,2.554834055,,-0.29%,3.88%,-4.02%,3.848996832
3/31/1992,343.7,139.1,2.470884256,,0.48%,3.92%,-3.31%,3.458289335
4/30/1992,337.9,139.4,2.423959828,,-0.25%,3.91%,-4.00%,3.647368421
5/29/1992,338.4,139.7,2.422333572,,0.49%,3.83%,-3.22%,3.359749739
6/30/1992,344.4,140.1,2.458244111,,0.81%,3.74%,-2.83%,3.27628866
7/31/1992,357.4,140.5,2.543772242,,0.42%,3.72%,-3.18%,3.514871795
8/31/1992,343.6,140.8,2.440340909,,-1.79%,3.72%,-5.32%,4.214943705
9/30/1992,347.8,141.1,2.464918498,,-1.35%,3.74%,-4.91%,4.078812692
10/30/1992,340.1,141.7,2.400141143,,-2.16%,3.75%,-5.69%,4.311926606
11/30/1992,335.5,142.1,2.361013371,,-2.73%,3.79%,-6.28%,4.516326531
12/31/1992,333.1,142.3,2.340829234,,-3.03%,3.83%,-6.61%,4.636642784
1/29/1993,330.7,142.8,2.315826331,,-4.24%,3.85%,-7.79%,5.210418795
2/26/1993,329,143.1,2.299091544,,-2.50%,3.86%,-6.12%,4.323469388
3/31/1993,339.3,143.3,2.367759944,,-2.02%,3.86%,-5.66%,4.239551478
4/30/1993,357.2,143.8,2.484005563,,-1.92%,3.82%,-5.53%,4.387651822
5/31/1993,380.3,144.2,2.637309293,,-0.80%,3.81%,-4.44%,4.153225806
6/30/1993,379.2,144.3,2.627858628,,-0.98%,3.80%,-4.60%,4.210261569
7/30/1993,411.3,144.5,2.846366782,,-0.04%,3.77%,-3.67%,4.136272545
8/31/1993,375.7,144.8,2.59461326,,-1.05%,3.76%,-4.64%,4.172827173
9/30/1993,357.1,145,2.462758621,,-1.17%,3.74%,-4.74%,4.002988048
10/29/1993,369.6,145.6,2.538461538,,-0.25%,3.75%,-3.85%,3.757936508
11/30/1993,371.9,146,2.547260274,,-0.80%,3.74%,-4.38%,3.986152324
12/31/1993,391.9,146.3,2.67874231,,0.10%,3.73%,-3.50%,3.82642998
1/31/1994,383.6,146.3,2.622009569,,0.26%,3.66%,-3.28%,3.661116552
2/28/1994,382.5,146.7,2.607361963,,-0.42%,3.64%,-3.92%,3.88791423
3/31/1994,394.3,147.1,2.680489463,,0.17%,3.64%,-3.34%,3.765792031
4/29/1994,377.8,147.2,2.566576087,,-0.05%,3.61%,-3.53%,3.674733785
5/31/1994,390,147.5,2.644067797,,0.08%,3.61%,-3.40%,3.737198068
6/30/1994,387.3,147.9,2.618661258,,0.29%,3.61%,-3.20%,3.6268081
7/29/1994,389.2,148.4,2.622641509,,1.43%,3.61%,-2.10%,3.243996158
8/31/1994,390.8,149,2.622818792,,1.07%,3.62%,-2.46%,3.363984674
9/30/1994,397.6,149.3,2.663094441,,1.43%,3.61%,-2.10%,3.29417383
10/31/1994,384.9,149.4,2.576305221,,1.37%,3.58%,-2.14%,3.196955281
11/30/1994,384.5,149.8,2.566755674,,1.57%,3.59%,-1.95%,3.125356125
12/30/1994,384.4,150.1,2.56095936,,2.18%,3.59%,-1.36%,2.935545024
1/31/1995,377.7,150.5,2.509634551,,2.19%,3.60%,-1.36%,2.877010407
2/28/1995,378.3,150.9,2.50695825,,2.74%,3.57%,-0.80%,2.715898401
3/31/1995,394.3,151.2,2.607804233,,1.81%,3.54%,-1.67%,3.086142322
4/28/1995,388.5,151.8,2.559288538,,2.07%,3.56%,-1.44%,2.957943925
5/31/1995,387.6,152.1,2.548323471,,2.06%,3.56%,-1.45%,2.949626866
6/30/1995,385.6,152.4,2.530183727,,1.96%,3.55%,-1.54%,2.955348837
7/31/1995,388.4,152.6,2.545216252,,1.73%,3.55%,-1.75%,3.037140204
8/31/1995,386.9,152.9,2.530412034,,1.44%,3.55%,-2.04%,3.108433735
9/29/1995,386.5,153.1,2.524493795,,1.82%,3.54%,-1.67%,2.986123959
10/31/1995,384.3,153.5,2.503583062,,1.64%,3.53%,-1.83%,3.011059908
11/30/1995,388.6,153.7,2.528301887,,1.87%,3.50%,-1.57%,2.962385321
12/29/1995,388.1,153.9,2.521767381,,1.60%,3.46%,-1.80%,3.023744292
1/31/1996,408.5,154.7,2.640594699,,1.59%,3.48%,-1.82%,3.173794359
2/29/1996,401.2,155,2.588387097,,1.64%,3.52%,-1.81%,3.108477666
3/29/1996,398.4,155.5,2.562057878,,1.87%,3.61%,-1.68%,3.034830431
4/30/1996,393.5,156.1,2.520819987,,1.23%,3.69%,-2.36%,3.202391904
5/31/1996,394.4,156.4,2.52173913,,1.37%,3.68%,-2.22%,3.156880734
6/28/1996,381.6,156.7,2.435226548,,0.93%,3.66%,-2.63%,3.178244973
7/31/1996,393.1,157,2.503821656,,0.81%,3.67%,-2.76%,3.312328767
8/30/1996,391.3,157.2,2.489185751,,0.05%,3.67%,-3.50%,3.553832117
9/30/1996,380.5,157.7,2.412809131,,-1.12%,3.67%,-4.61%,3.87
10/31/1996,379.1,158.2,2.396333755,,-0.67%,3.68%,-4.20%,3.679673321
11/29/1996,375,158.7,2.36294896,,-0.41%,3.70%,-3.96%,3.54076087
12/31/1996,369.2,159.1,2.320553111,,-0.97%,3.68%,-4.49%,3.673285199
1/31/1997,346,159.4,2.1706399,,-1.56%,3.65%,-5.03%,3.636445242
2/28/1997,365.1,159.7,2.286161553,,-1.09%,3.63%,-4.56%,3.644007156
3/31/1997,354,159.8,2.215269086,,-1.65%,3.60%,-5.07%,3.725490196
4/30/1997,341.2,159.9,2.133833646,,-2.87%,3.56%,-6.21%,4.050576752
5/30/1997,347.5,159.9,2.173233271,,-2.56%,3.53%,-5.88%,3.984070796
6/30/1997,335.3,160.2,2.093008739,,-2.95%,3.51%,-6.23%,3.984140969
7/31/1997,328.6,160.4,2.048628429,,-3.39%,3.49%,-6.65%,4.078207381
8/29/1997,327.4,160.8,2.036069652,,-3.20%,3.47%,-6.45%,3.965004374
9/30/1997,336.9,161.2,2.089950372,,-2.91%,3.46%,-6.16%,3.946817786
10/31/1997,312.1,161.5,1.93250774,,-4.04%,3.45%,-7.24%,4.097391304
11/28/1997,298.6,161.7,1.846629561,,-4.85%,3.43%,-8.01%,4.254766031
12/31/1997,289.9,161.8,1.791718171,,-5.09%,3.42%,-8.23%,4.229238754
1/30/1998,304.6,162,1.880246914,,-3.92%,3.40%,-7.07%,3.915517241
2/27/1998,300.1,162,1.852469136,,-3.58%,3.38%,-6.73%,3.71686747
3/31/1998,303.3,162,1.872222222,,-3.96%,3.35%,-7.08%,3.900429185
4/30/1998,307.9,162.2,1.898273736,,-3.78%,3.30%,-6.86%,3.861774744
5/29/1998,295.1,162.6,1.814883149,,-4.24%,3.30%,-7.30%,3.872340426
6/30/1998,298.1,162.8,1.831081081,,-3.77%,3.27%,-6.82%,3.709322034
7/31/1998,290.5,163.2,1.78002451,,-3.98%,3.25%,-7.01%,3.680168776
8/31/1998,278.9,163.4,1.706854345,,-4.33%,3.22%,-7.31%,3.64789916
9/30/1998,299,163.5,1.828746177,,-2.73%,3.18%,-5.73%,3.30041841
10/30/1998,293.7,163.9,1.791946309,,-3.40%,3.18%,-6.37%,3.46205171
11/30/1998,295.1,164.1,1.798293723,,-3.58%,3.15%,-6.53%,3.53117207
12/31/1998,289.2,164.4,1.759124088,,-3.48%,3.14%,-6.42%,3.415907208
1/29/1999,288.2,164.7,1.749848209,,-3.02%,3.11%,-5.95%,3.231023102
2/26/1999,288.3,164.7,1.750455373,,-2.99%,3.08%,-5.89%,3.210526316
3/31/1999,281.9,164.8,1.710558252,,-3.07%,3.04%,-5.93%,3.151391162
4/30/1999,287.8,165.9,1.734779988,,-2.75%,3.03%,-5.61%,3.090982941
5/31/1999,272,166,1.638554217,,-2.85%,2.98%,-5.67%,2.93694422
6/30/1999,263.6,166,1.587951807,,-3.52%,2.95%,-6.29%,3.040290089
7/30/1999,258.8,166.7,1.552489502,,-3.63%,2.96%,-6.41%,3.009638554
8/31/1999,257.3,167.1,1.539796529,,-3.35%,2.99%,-6.15%,2.905220884
9/30/1999,299.5,167.8,1.784862932,,-2.02%,3.00%,-4.88%,2.942307692
10/29/1999,300.3,168.1,1.786436645,,-2.26%,2.97%,-5.09%,3.011164274
11/30/1999,293,168.4,1.739904988,,-3.34%,2.95%,-6.11%,3.269261319
12/31/1999,289.6,168.8,1.71563981,,-3.30%,2.94%,-6.07%,3.208234363
1/31/2000,286.2,169.3,1.690490254,,-3.71%,2.88%,-6.40%,3.276862745
2/29/2000,294.2,170,1.730588235,,-3.24%,2.88%,-5.95%,3.19453125
3/31/2000,281.4,171,1.645614035,,-2.83%,2.89%,-5.56%,2.916018663
4/28/2000,274.7,170.9,1.607372733,,-2.97%,2.86%,-5.67%,2.881303336
5/31/2000,274.8,171.2,1.605140187,,-2.89%,2.86%,-5.60%,2.855151046
6/30/2000,291.5,172.2,1.692799071,,-2.09%,2.86%,-4.81%,2.770592764
7/31/2000,283.2,172.7,1.639837869,,-2.64%,2.84%,-5.33%,2.835249042
8/31/2000,282.1,172.7,1.633468442,,-3.05%,2.76%,-5.65%,2.922492401
9/29/2000,276.9,173.6,1.595046083,,-3.67%,2.74%,-6.24%,3.037735849
10/31/2000,266.4,173.9,1.531914894,,-3.52%,2.69%,-6.05%,2.85832084
11/30/2000,273.3,174.2,1.568886338,,-3.39%,2.68%,-5.91%,2.884816754
12/29/2000,273.6,174.6,1.567010309,,-3.63%,2.67%,-6.14%,2.952309985
1/31/2001,268,175.6,1.5261959,,-3.13%,2.69%,-5.67%,2.735708983
2/28/2001,267.8,176,1.521590909,,-3.15%,2.70%,-5.70%,2.737388724
3/30/2001,259.2,176.1,1.471890971,,-3.15%,2.71%,-5.71%,2.649109792
4/30/2001,264.4,176.4,1.498866213,,-2.98%,2.70%,-5.53%,2.647668394
5/31/2001,266.9,177.3,1.50535815,,-3.08%,2.72%,-5.64%,2.690265487
6/29/2001,271.3,177.7,1.526730445,,-3.06%,2.71%,-5.61%,2.720588235
7/31/2001,269.2,177.4,1.517474634,,-2.96%,2.68%,-5.49%,2.669603524
8/31/2001,276.5,177.4,1.558624577,,-2.32%,2.65%,-4.84%,2.559297218
9/28/2001,294,178.1,1.650758001,,-1.93%,2.66%,-4.47%,2.608029197
10/31/2001,280.5,177.6,1.579391892,,-2.45%,2.61%,-4.94%,2.620262391
11/30/2001,274.9,177.5,1.548732394,,-2.87%,2.56%,-5.30%,2.669811321
12/31/2001,279,177.4,1.572717024,,-2.39%,2.53%,-4.79%,2.570188133
1/31/2002,282.9,177.7,1.592009004,,-2.30%,2.54%,-4.72%,2.581344902
2/28/2002,297.1,178,1.669101124,,-1.74%,2.53%,-4.17%,2.554834055
3/29/2002,303.7,178.5,1.70140056,,-1.23%,2.53%,-3.66%,2.470884256
4/30/2002,309.2,179.3,1.724484105,,-0.88%,2.55%,-3.35%,2.423959828
5/31/2002,327.5,179.5,1.824512535,,-0.33%,2.54%,-2.79%,2.422333572
6/28/2002,313.9,179.6,1.747772829,,-0.92%,2.51%,-3.35%,2.458244111
7/31/2002,305.2,180,1.695555556,,-1.57%,2.51%,-3.98%,2.543772242
8/30/2002,313.9,180.5,1.739058172,,-0.90%,2.52%,-3.33%,2.440340909
9/30/2002,325.2,180.8,1.798672566,,-0.67%,2.51%,-3.10%,2.464918498
10/31/2002,318.4,181.2,1.757174393,,-0.66%,2.49%,-3.07%,2.400141143
11/29/2002,317.8,181.5,1.750964187,,-0.54%,2.48%,-2.95%,2.361013371
12/31/2002,348.2,181.8,1.915291529,,0.44%,2.48%,-1.99%,2.340829234
1/31/2003,369.1,182.6,2.02135816,,1.10%,2.49%,-1.35%,2.315826331
2/28/2003,350.3,183.6,1.90795207,,0.63%,2.52%,-1.85%,2.299091544
3/31/2003,336.9,183.9,1.831973899,,-0.07%,2.53%,-2.53%,2.367759944
4/30/2003,339.4,183.2,1.852620087,,-0.51%,2.45%,-2.89%,2.484005563
5/30/2003,365.6,182.9,1.998906506,,-0.39%,2.41%,-2.73%,2.637309293
6/30/2003,346.3,183.1,1.891316221,,-0.90%,2.41%,-3.24%,2.627858628
7/31/2003,355.8,183.7,1.936853566,,-1.44%,2.43%,-3.78%,2.846366782
8/29/2003,376.8,184.5,2.042276423,,0.03%,2.45%,-2.37%,2.59461326
9/30/2003,386.1,185.1,2.085899514,,0.78%,2.47%,-1.65%,2.462758621
10/31/2003,384.6,184.9,2.080043267,,0.40%,2.42%,-1.97%,2.538461538
11/28/2003,398,185,2.151351351,,0.68%,2.40%,-1.68%,2.547260274
12/31/2003,416.1,185.5,2.243126685,,0.60%,2.40%,-1.76%,2.67874231
1/30/2004,402.9,186.3,2.162640902,,0.49%,2.45%,-1.91%,2.622009569
2/27/2004,396.8,186.7,2.125334762,,0.37%,2.44%,-2.02%,2.607361963
3/31/2004,428.3,187.1,2.289150187,,0.83%,2.43%,-1.57%,2.680489463
4/30/2004,387.5,187.4,2.067769477,,0.25%,2.44%,-2.14%,2.566576087
5/31/2004,394.9,188.2,2.098299681,,0.12%,2.47%,-2.29%,2.644067797
6/30/2004,393,188.9,2.080465855,,0.15%,2.48%,-2.27%,2.618661258
7/30/2004,393.7,189.1,2.081967213,,0.12%,2.45%,-2.28%,2.622641509
8/31/2004,412.4,189.2,2.179704017,,0.54%,2.42%,-1.83%,2.622818792
9/30/2004,420.4,189.8,2.214963119,,0.56%,2.43%,-1.83%,2.663094441
10/29/2004,429.4,190.8,2.250524109,,1.10%,2.48%,-1.34%,2.576305221
11/30/2004,453.2,191.7,2.364110589,,1.66%,2.50%,-0.82%,2.566755674
12/31/2004,438.4,191.7,2.286906625,,1.32%,2.48%,-1.13%,2.56095936
1/31/2005,424.1,191.6,2.213465553,2.0793545,1.17%,2.44%,-1.25%,2.509634551
2/28/2005,437.6,192.4,2.274428274,2.869331,1.47%,2.46%,-0.97%,2.50695825
3/31/2005,431.1,193.1,2.232522009,2.56106,0.90%,2.48%,-1.54%,2.607804233
4/29/2005,436.1,193.7,2.251419721,2.67068,1.16%,2.47%,-1.27%,2.559288538
5/31/2005,418.9,193.6,2.163739669,2.56997,0.78%,2.44%,-1.62%,2.548323471
6/30/2005,437.1,193.7,2.256582344,2.6282,1.26%,2.43%,-1.14%,2.530183727
7/29/2005,435.8,194.9,2.236018471,2.78147,1.16%,2.48%,-1.29%,2.545216252
8/31/2005,438.1,196.1,2.234064253,2.914443,1.25%,2.52%,-1.24%,2.530412034
9/30/2005,472.3,198.8,2.375754527,3.36291,2.03%,2.65%,-0.61%,2.524493795
10/31/2005,466.9,199.1,2.345052737,3.4433,1.97%,2.64%,-0.65%,2.503583062
11/30/2005,498.7,198.1,2.517415447,3.942982,2.53%,2.57%,-0.04%,2.528301887
12/30/2005,518.9,198.1,2.619384149,4.754155,2.95%,2.56%,0.38%,2.521767381
1/31/2006,575.5,199.3,2.887606623,6.634728,3.49%,2.57%,0.90%,2.640594699
2/28/2006,563.9,199.4,2.827983952,6.837517,3.46%,2.55%,0.89%,2.588387097
3/31/2006,586.7,199.7,2.93790686,7.197173,3.95%,2.53%,1.38%,2.562057878
4/28/2006,654.5,200.7,3.261086198,8.365198,5.22%,2.54%,2.61%,2.520819987
5/31/2006,649,201.3,3.224043716,8.14397,5.11%,2.56%,2.49%,2.52173913
6/30/2006,616,201.8,3.052527255,8.180329,4.91%,2.56%,2.29%,2.435226548
7/31/2006,646.8,202.9,3.18777723,8.723756,5.11%,2.60%,2.44%,2.503821656
8/31/2006,634.2,203.8,3.111874387,8.773964,4.95%,2.63%,2.26%,2.489185751
9/29/2006,604.2,202.8,2.979289941,8.270004,4.73%,2.55%,2.13%,2.412809131
10/31/2006,606.8,201.9,3.005448242,8.411008,4.82%,2.47%,2.29%,2.396333755
11/30/2006,652.9,202,3.232178218,10.099985,5.70%,2.44%,3.18%,2.36294896
12/29/2006,638,203.1,3.1413097,10.19635,5.62%,2.47%,3.07%,2.320553111
1/31/2007,657.9,203.437,3.233924999,10.447637,6.64%,2.47%,4.07%,2.1706399
2/28/2007,672.5,204.226,3.292920588,11.332349,6.30%,2.49%,3.72%,2.286161553
3/30/2007,669,205.288,3.258836366,11.275735,6.57%,2.54%,3.94%,2.215269086
4/30/2007,683.5,205.904,3.31950812,11.7155,7.19%,2.56%,4.52%,2.133833646
5/31/2007,666.7,206.755,3.22458949,10.939371,6.73%,2.60%,4.02%,2.173233271
6/29/2007,650.9,207.234,3.140893869,10.651629,6.86%,2.61%,4.14%,2.093008739
7/31/2007,679.3,207.603,3.272110711,11.607141,7.53%,2.61%,4.79%,2.048628429
8/31/2007,681.9,207.667,3.283622338,12.16496,7.61%,2.59%,4.90%,2.036069652
9/28/2007,750,208.547,3.596311623,15.00899,8.33%,2.61%,5.58%,2.089950372
10/31/2007,795.3,209.19,3.80180697,16.6121,9.81%,2.62%,7.00%,1.93250774
11/30/2007,789.1,210.834,3.742754964,16.49532,10.21%,2.69%,7.32%,1.846629561
12/31/2007,838,211.445,3.963205562,18.32658,11.20%,2.71%,8.26%,1.791718171
1/31/2008,928,212.174,4.373768699,20.5578,11.78%,2.73%,8.81%,1.880246914
2/29/2008,975,212.687,4.584201197,21.90372,12.51%,2.76%,9.48%,1.852469136
3/31/2008,921.5,213.448,4.317210749,20.79517,11.75%,2.80%,8.71%,1.872222222
4/30/2008,865.1,213.942,4.043619299,18.15422,10.88%,2.81%,7.86%,1.898273736
5/30/2008,891.5,215.208,4.142503996,18.78033,11.69%,2.84%,8.60%,1.814883149
6/30/2008,928.3,217.463,4.268772159,21.01404,12.03%,2.94%,8.83%,1.831081081
7/31/2008,922.7,219.016,4.212934215,21.57949,12.25%,2.99%,9.00%,1.78002451
8/29/2008,835.2,218.69,3.819104669,18.95362,11.59%,2.96%,8.39%,1.706854345
9/30/2008,880.8,218.877,4.024177963,22.73903,11.41%,2.96%,8.21%,1.828746177
10/31/2008,718.2,216.995,3.309753681,18.95656,9.35%,2.85%,6.33%,1.791946309
11/28/2008,819,213.153,3.842310453,21.60006,10.75%,2.65%,7.89%,1.798293723
12/31/2008,884.3,211.398,4.183104854,23.94309,11.83%,2.55%,9.05%,1.759124088
1/30/2009,928.4,211.933,4.380629727,27.22523,12.41%,2.55%,9.61%,1.749848209
2/27/2009,942.5,212.705,4.431019487,33.22242,12.58%,2.59%,9.73%,1.750455373
3/31/2009,925,212.495,4.353043601,35.28834,12.62%,2.57%,9.79%,1.710558252
4/30/2009,891.2,212.709,4.189761599,33.48265,11.97%,2.52%,9.22%,1.734779988
5/29/2009,980.3,213.022,4.601872107,37.4188,13.68%,2.53%,10.88%,1.638554217
6/30/2009,927.4,214.79,4.317705666,35.55724,13.40%,2.61%,10.52%,1.587951807
7/31/2009,955.8,214.726,4.451254156,35.00517,13.96%,2.56%,11.11%,1.552489502
8/31/2009,953.5,215.445,4.425723503,34.73197,14.00%,2.57%,11.14%,1.539796529
9/30/2009,1009.3,215.861,4.675694081,37.89614,12.92%,2.55%,10.11%,1.784862932
10/30/2009,1040.4,216.509,4.805342965,39.76992,13.23%,2.56%,10.40%,1.786436645
11/30/2009,1182.3,217.234,5.442518206,45.94643,14.97%,2.58%,12.08%,1.739904988
12/31/2009,1096.2,217.347,5.043547875,42.68952,14.24%,2.56%,11.39%,1.71563981
1/29/2010,1083.8,217.488,4.983263444,41.41072,14.24%,2.54%,11.42%,1.690490254
2/26/2010,1118.9,217.281,5.149552883,42.50882,14.29%,2.48%,11.52%,1.730588235
3/31/2010,1114.5,217.353,5.127603484,43.16261,14.76%,2.43%,12.04%,1.645614035
4/30/2010,1180.7,217.403,5.430927816,46.88384,15.70%,2.44%,12.95%,1.607372733
5/31/2010,1215,217.29,5.591605688,52.80121,16.03%,2.41%,13.29%,1.605140187
6/30/2010,1245.9,217.199,5.736214255,56.22955,15.63%,2.35%,12.98%,1.692799071
7/30/2010,1183.9,217.605,5.440591898,52.13024,15.38%,2.34%,12.74%,1.639837869
8/31/2010,1250.3,217.923,5.737347595,56.11726,16.05%,2.35%,13.39%,1.633468442
9/30/2010,1309.6,218.275,5.999770931,59.0942,16.81%,2.32%,14.17%,1.595046083
10/29/2010,1357.6,219.035,6.198096195,60.9118,17.69%,2.33%,15.00%,1.531914894
11/30/2010,1386.1,219.59,6.312218225,62.13844,17.63%,2.34%,14.94%,1.568886338
12/31/2010,1421.4,220.472,6.44707718,63.87681,17.91%,2.36%,15.19%,1.567010309
1/31/2011,1334.5,221.187,6.033356391,57.2376,17.41%,2.33%,14.73%,1.5261959
2/28/2011,1409.9,221.898,6.353820224,60.30411,18.07%,2.34%,15.36%,1.521590909
3/31/2011,1439.9,223.046,6.45561902,61.61114,18.71%,2.39%,15.93%,1.471890971
4/29/2011,1556.4,224.093,6.945330733,68.53617,19.39%,2.42%,16.57%,1.498866213
5/31/2011,1536.8,224.806,6.836116474,66.55676,19.13%,2.40%,16.34%,1.50535815
6/30/2011,1502.8,224.806,6.684874959,65.15073,18.67%,2.38%,15.91%,1.526730445
7/29/2011,1631.2,225.395,7.237072695,74.19265,19.74%,2.42%,16.91%,1.517474634
8/31/2011,1831.7,226.106,8.101067641,82.0975,20.81%,2.46%,17.92%,1.558624577
9/30/2011,1622.3,226.597,7.159406347,72.83829,18.63%,2.44%,15.80%,1.650758001
10/31/2011,1725.2,226.75,7.608379272,77.88295,19.92%,2.47%,17.03%,1.579391892
11/30/2011,1750.3,227.169,7.704836487,82.64852,20.34%,2.50%,17.40%,1.548732394
12/30/2011,1566.8,227.223,6.89542872,71.61774,18.83%,2.51%,15.93%,1.572717024
1/31/2012,1740.4,227.842,7.638626768,81.06883,19.92%,2.52%,16.98%,1.592009004
2/29/2012,1711.3,228.329,7.494886764,80.1654,19.14%,2.52%,16.21%,1.669101124
3/30/2012,1671.9,228.807,7.30703169,78.71874,18.60%,2.51%,15.69%,1.70140056
4/30/2012,1664.2,229.187,7.261319359,78.13932,18.33%,2.49%,15.46%,1.724484105
5/31/2012,1564.2,228.713,6.839139008,72.61525,16.93%,2.45%,14.13%,1.824512535
6/29/2012,1604.2,228.524,7.019831615,75.06582,17.72%,2.44%,14.92%,1.747772829
7/31/2012,1614.6,228.59,7.063301107,74.40462,18.13%,2.42%,15.34%,1.695555556
8/31/2012,1687.6,229.918,7.340008177,80.4909,18.32%,2.45%,15.49%,1.739058172
9/28/2012,1773.9,231.015,7.678722161,86.7396,18.49%,2.48%,15.62%,1.798672566
10/31/2012,1719.1,231.638,7.421493883,85.5412,18.37%,2.49%,15.50%,1.757174393
11/30/2012,1712.7,231.249,7.406302298,86.1594,18.35%,2.45%,15.51%,1.750964187
12/31/2012,1675.8,231.221,7.247611592,84.3474,17.01%,2.43%,14.23%,1.915291529
1/31/2013,1662,231.679,7.173718809,82.8894,16.24%,2.41%,13.50%,2.02135816
2/28/2013,1578.1,232.937,6.774793184,74.6471,16.24%,2.41%,13.51%,1.90795207
3/29/2013,1595.7,232.282,6.869667043,73.5573,16.83%,2.36%,14.13%,1.831973899
4/30/2013,1472.1,231.797,6.350815584,60.4511,15.80%,2.38%,13.11%,1.852620087
5/31/2013,1393,231.893,6.007080852,53.44142,14.31%,2.40%,11.63%,1.998906506
6/28/2013,1223.7,232.445,5.264471165,45.50458,13.45%,2.41%,10.78%,1.891316221
7/31/2013,1313,232.9,5.637612709,47.08818,13.95%,2.40%,11.28%,1.936853566
8/30/2013,1396.1,233.456,5.980141868,49.24302,13.99%,2.38%,11.34%,2.042276423
9/30/2013,1327,233.544,5.682012811,46.24164,13.14%,2.35%,10.54%,2.085899514
10/31/2013,1323.7,233.669,5.664850708,44.39487,13.16%,2.37%,10.54%,2.080043267
11/29/2013,1250.4,234.1,5.341307134,40.70165,12.13%,2.38%,9.52%,2.151351351
12/31/2013,1202.3,234.719,5.12229517,37.17174,11.19%,2.38%,8.61%,2.243126685
1/31/2014,1239.8,235.288,5.269287001,38.22615,11.90%,2.36%,9.31%,2.162640902
2/28/2014,1321.6,235.547,5.610769825,41.19774,12.79%,2.35%,10.19%,2.125334762
3/31/2014,1283.8,236.028,5.439185181,40.33639,11.60%,2.35%,9.04%,2.289150187
4/30/2014,1295.9,236.468,5.480234112,39.4724,12.83%,2.35%,10.24%,2.067769477
5/30/2014,1246,236.918,5.259203606,38.13916,12.18%,2.33%,9.62%,2.098299681
6/30/2014,1322,237.231,5.572627523,40.84281,12.90%,2.30%,10.35%,2.080465855
7/31/2014,1282.8,237.498,5.401308643,39.87107,12.54%,2.30%,10.00%,2.081967213
8/29/2014,1287.4,237.46,5.421544681,39.73899,12.06%,2.30%,9.54%,2.179704017
9/30/2014,1211.6,237.477,5.10196777,36.20944,11.17%,2.27%,8.70%,2.214963119
10/31/2014,1171.6,237.43,4.934507013,33.99673,10.56%,2.21%,8.17%,2.250524109
11/28/2014,1175.5,236.983,4.960271412,32.97308,10.00%,2.14%,7.69%,2.364110589
12/31/2014,1184.1,236.252,5.012021062,33.06618,10.45%,2.11%,8.16%,2.286906625
1/30/2015,1279.2,234.747,5.449270917,38.25076,11.67%,2.05%,9.43%,2.213465553
2/27/2015,1213.1,235.342,5.154626034,36.46872,10.73%,2.04%,8.53%,2.274428274
3/31/2015,1183.2,235.976,5.014069227,34.33902,10.62%,2.03%,8.43%,2.232522009
4/30/2015,1182.4,236.222,5.005460965,34.40365,10.49%,2.00%,8.32%,2.251419721
5/29/2015,1189.8,237.001,5.020231982,33.74856,11.00%,2.04%,8.78%,2.163739669
6/30/2015,1171.8,237.657,4.930635327,33.12849,10.36%,2.07%,8.13%,2.256582344
7/31/2015,1095.1,238.034,4.600603275,29.40603,9.65%,2.02%,7.48%,2.236018471
8/31/2015,1132.5,238.033,4.757743674,30.80783,9.96%,1.96%,7.85%,2.234064253
9/30/2015,1115.2,237.498,4.695618489,30.41613,8.97%,1.79%,7.05%,2.375754527
10/30/2015,1141.4,237.733,4.801184522,31.31904,9.35%,1.79%,7.43%,2.345052737
11/30/2015,1065.3,238.017,4.475730725,27.8421,7.89%,1.85%,5.92%,2.517415447
12/31/2015,1060.2,237.761,4.459099684,27.09296,7.41%,1.84%,5.46%,2.619384149
1/29/2016,1116.4,237.652,4.697625099,30.02933,6.85%,1.78%,4.99%,2.887606623
2/29/2016,1234.4,237.336,5.201065157,38.56689,8.15%,1.76%,6.28%,2.827983952
3/31/2016,1235.6,238.08,5.189852151,39.7855,7.73%,1.77%,5.86%,2.93790686
4/29/2016,1290.5,238.992,5.399762335,41.26103,7.02%,1.76%,5.17%,3.261086198
5/31/2016,1217.5,239.557,5.082297741,41.64192,6.49%,1.76%,4.66%,3.224043716
6/30/2016,1320.6,240.222,5.497414891,49.30182,7.92%,1.76%,6.06%,3.052527255
7/29/2016,1357.5,240.101,5.653870663,51.12587,7.70%,1.70%,5.90%,3.18777723
8/31/2016,1311.4,240.545,5.451786568,49.11717,7.54%,1.67%,5.77%,3.111874387
9/30/2016,1317.1,241.176,5.461156997,49.72621,8.10%,1.75%,6.25%,2.979289941
10/31/2016,1273.1,241.741,5.266380134,48.2384,7.69%,1.82%,5.77%,3.005448242
11/30/2016,1173.9,242.026,4.850305339,40.92789,6.04%,1.82%,4.14%,3.232178218
12/30/2016,1151.7,242.637,4.746596768,37.6523,6.08%,1.79%,4.21%,3.1413097
1/31/2017,1211.4,243.618,4.972538975,38.94961,6.29%,1.82%,4.40%,3.233924999
2/28/2017,1253.9,244.006,5.138808062,41.98182,6.43%,1.80%,4.55%,3.292920588
3/31/2017,1251.2,243.892,5.13013957,41.37818,6.46%,1.74%,4.64%,3.258836366
4/28/2017,1268.3,244.193,5.193842575,43.14289,6.38%,1.72%,4.58%,3.31950812
5/31/2017,1275.4,244.004,5.226963492,42.83316,6.70%,1.67%,4.95%,3.22458949
6/30/2017,1242.3,244.163,5.087994495,42.39661,6.68%,1.65%,4.94%,3.140893869
7/31/2017,1273.4,244.243,5.213660166,40.9399,6.49%,1.64%,4.77%,3.272110711
8/31/2017,1322.2,245.183,5.392706672,43.97998,6.85%,1.67%,5.09%,3.283622338
9/29/2017,1284.8,246.435,5.213545154,44.97258,5.53%,1.68%,3.78%,3.596311623
10/31/2017,1270.5,246.626,5.151524981,44.31293,4.80%,1.66%,3.08%,3.80180697
11/30/2017,1276.7,247.284,5.162889633,44.3097,4.93%,1.61%,3.27%,3.742754964
12/29/2017,1309.3,247.805,5.283589919,45.2615,4.56%,1.60%,2.92%,3.963205562
1/31/2018,1343.1,248.859,5.397032054,47.6813,3.77%,1.61%,2.12%,4.373768699
2/28/2018,1317.9,249.529,5.281550441,46.475,3.06%,1.61%,1.43%,4.584201197
3/30/2018,1327.3,249.577,5.318198392,47.6456,3.72%,1.58%,2.11%,4.317210749
4/30/2018,1319.2,250.227,5.272013012,48.9999,4.31%,1.58%,2.69%,4.043619299
5/31/2018,1304.7,250.792,5.202319053,47.3083,3.88%,1.54%,2.30%,4.142503996
6/29/2018,1254.5,251.018,4.997649571,43.7938,3.06%,1.45%,1.59%,4.268772159
7/31/2018,1233.6,251.214,4.910554348,41.8206,2.95%,1.38%,1.54%,4.212934215
8/31/2018,1206.7,251.663,4.794904297,39.2631,3.75%,1.41%,2.30%,3.819104669
9/28/2018,1196.2,252.182,4.743399608,38.6824,3.11%,1.43%,1.66%,4.024177963
10/31/2018,1215,252.772,4.806703274,40.1695,5.40%,1.54%,3.80%,3.309753681
11/30/2018,1226,252.594,4.853638645,40.5876,4.12%,1.71%,2.36%,3.842310453
12/31/2018,1281.3,252.767,5.069095254,44.0258,3.78%,1.80%,1.94%,4.183104854
1/31/2019,1325.2,252.718,5.24378952,47.3624,3.62%,1.78%,1.81%,4.380629727
2/28/2019,1316.1,253.322,5.195364003,45.7278,3.40%,1.76%,1.60%,4.431019487
3/29/2019,1298.5,254.202,5.108142343,45.0974,3.45%,1.81%,1.61%,4.353043601
4/30/2019,1285.7,255.211,5.037792258,42.997,3.73%,1.84%,1.86%,4.189761599
5/31/2019,1311.1,255.29,5.135727996,43.0887,2.95%,1.83%,1.10%,4.601872107
6/28/2019,1413.7,255.159,5.540466925,49.3943,4.31%,1.74%,2.52%,4.317705666
7/31/2019,1437.8,255.685,5.623325576,51.3624,4.17%,1.76%,2.36%,4.451254156
8/30/2019,1529.4,256.059,5.972842197,59.003,4.84%,1.74%,3.04%,4.425723503
9/30/2019,1472.9,256.511,5.742053947,59.8385,3.85%,1.74%,2.08%,4.675694081
10/31/2019,1514.8,257.244,5.888572717,61.8358,3.83%,1.74%,2.05%,4.805342965
11/29/2019,1472.7,257.803,5.712501406,58.9857,2.22%,1.73%,0.49%,5.442518206
12/31/2019,1523.1,258.616,5.889426795,61.1319,3.34%,1.75%,1.56%,5.043547875
1/31/2020,1587.9,259.037,6.130012315,65.0326,3.89%,1.76%,2.09%,4.983263444
2/28/2020,1566.7,259.248,6.043248164,66.5058,3.42%,1.78%,1.61%,5.149552883
3/31/2020,1596.6,258.124,6.185399265,68.7478,3.66%,1.73%,1.89%,5.127603484
4/30/2020,1694.2,256.092,6.615591272,80.2398,3.68%,1.65%,1.99%,5.430927816
5/29/2020,1751.7,255.868,6.84610815,87.1441,3.73%,1.65%,2.04%,5.591605688
6/30/2020,1800.5,256.986,7.006218238,93.57,3.75%,1.70%,2.02%,5.736214255
7/31/2020,1985.9,258.278,7.689001773,110.01,5.31%,1.73%,3.52%,5.440591898
8/31/2020,1978.6,259.411,7.62727872,111.1214,4.70%,1.76%,2.89%,5.737347595
9/30/2020,1895.5,260.029,7.289571548,108.3541,3.77%,1.77%,1.97%,5.999770931
10/30/2020,1879.9,260.286,7.222439931,107.6763,3.31%,1.74%,1.54%,6.198096195
11/30/2020,1780.9,260.813,6.828263929,98.3856,2.54%,1.74%,0.79%,6.312218225
12/31/2020,1895.1,262.035,7.232239968,103.6563,2.92%,1.74%,1.16%,6.44707718
1/29/2021,1850.3,262.65,7.044736341,99.8272,3.32%,1.73%,1.56%,6.033356391
2/26/2021,1728.8,263.638,6.55747654,89.4957,2.06%,1.74%,0.32%,6.353820224
3/31/2021,1715.6,264.914,6.47606393,84.5759,1.77%,1.74%,0.03%,6.45561902
4/30/2021,1767.7,266.67,6.62879214,86.0037,1.28%,1.75%,-0.47%,6.945330733
5/31/2021,1905.3,268.444,7.097569698,94.5085,2.17%,1.79%,0.38%,6.836116474
6/30/2021,1771.6,270.559,6.547924852,88.2037,1.66%,1.87%,-0.21%,6.684874959
7/30/2021,1817.2,271.764,6.686684035,89.3116,1.09%,1.89%,-0.79%,7.237072695
8/31/2021,1818.1,272.87,6.66287976,87.2276,-0.07%,1.90%,-1.94%,8.101067641
9/30/2021,1757,274.028,6.411753543,83.9919,0.80%,1.92%,-1.10%,7.159406347
10/29/2021,1783.9,276.522,6.451204606,84.6551,0.34%,2.00%,-1.64%,7.608379272
11/30/2021,1776.5,278.711,6.373985957,84.801,0.15%,2.07%,-1.88%,7.704836487
12/31/2021,1828.6,280.887,6.510091247,86.2749,1.56%,2.14%,-0.57%,6.89542872
1/31/2022,1796.4,282.599,6.356710392,87.2417,0.32%,2.18%,-1.82%,7.638626768
2/28/2022,1900.7,284.61,6.678261481,93.7894,1.06%,2.23%,-1.15%,7.494886764
3/31/2022,1954,287.472,6.797183726,100.081,1.57%,2.31%,-0.72%,7.30703169
4/29/2022,1911.7,288.611,6.623794658,98.4316,1.40%,2.33%,-0.91%,7.261319359
5/31/2022,1848.4,291.268,6.346045566,93.6297,1.68%,2.45%,-0.75%,6.839139008
6/30/2022,1807.3,294.728,6.132094677,90.6192,1.20%,2.58%,-1.34%,7.019831615
7/29/2022,1781.8,294.628,6.047626159,85.2969075,0.99%,2.57%,-1.54%,7.063301107
8/31/2022,1726.2,295.32,5.845184884,80.736282,0.23%,2.53%,-2.25%,7.340008177
9/30/2022,1672,296.539,5.638381461,75.730311,-0.59%,2.53%,-3.04%,7.678722161
10/31/2022,1640.7,297.987,5.50594489,72.320576,-0.47%,2.55%,-2.94%,7.421493883
11/30/2022,1759.9,298.598,5.893877387,77.359856,0.27%,2.59%,-2.26%,7.406302298
12/30/2022,1826.2,298.99,6.107896585,80.0798455,0.86%,2.60%,-1.70%,7.247611592
1/31/2023,1945.3,300.536,6.472768653,84.868333,1.59%,2.64%,-1.02%,7.173718809
2/28/2023,1836.7,301.648,6.088885058,79.806293,1.53%,2.62%,-1.06%,6.774793184
3/31/2023,1986.2,301.808,6.581005142,86.9479875,2.21%,2.65%,-0.43%,6.869667043
4/28/2023,1999.1,302.918,6.599475766,88.1881695,3.11%,2.71%,0.38%,6.350815584
5/31/2023,1982.1,303.294,6.535243032,88.009232,3.59%,2.72%,0.85%,6.007080852
6/30/2023,1929.4,303.294,6.361484236,84.5878445,4.66%,2.70%,1.91%,5.264471165
